                  epoch,         train/box_loss,         train/cls_loss,         train/dfl_loss,   metrics/precision(B),      metrics/recall(B),       metrics/mAP50(B),    metrics/mAP50-95(B),           val/box_loss,           val/cls_loss,           val/dfl_loss,                 lr/pg0,                 lr/pg1,                 lr/pg2
                      1,                 3.1052,                 3.4766,                 4.0435,                0.00399,                0.32208,                0.00503,                0.00188,                 2.5603,                 3.8493,                 4.0758,             0.00054023,             0.00054023,             0.00054023
                      2,                 2.7827,                 3.0704,                 3.6019,                0.00368,                0.28956,                0.00661,                0.00196,                 2.6821,                  4.055,                 4.1845,              0.0010742,              0.0010742,              0.0010742
                      3,                 2.4455,                 2.8003,                 3.1779,                0.01887,                0.07078,                0.00523,                0.00151,                 2.6729,                 6.2533,                  7.601,              0.0015862,              0.0015862,              0.0015862
                      4,                 2.2614,                 2.5492,                 2.8556,                0.08972,                0.22873,                0.09233,                 0.0385,                 2.6133,                 4.3684,                 3.8121,               0.001568,               0.001568,               0.001568
                      5,                  2.096,                 2.3397,                 2.6832,                0.71375,                0.22691,                0.27731,                0.12781,                 1.8223,                 5.5695,                 2.6715,               0.001535,               0.001535,               0.001535
                      6,                 1.9367,                 2.1282,                 2.5132,                0.35096,                0.42908,                0.37356,                0.20915,                 1.5711,                 3.0961,                 2.3413,               0.001502,               0.001502,               0.001502
                      7,                 1.8259,                 2.0061,                 2.3747,                0.38248,                0.45486,                0.37838,                0.19898,                 1.6078,                  2.832,                 2.3193,               0.001469,               0.001469,               0.001469
                      8,                 1.7405,                 1.8796,                 2.2789,                0.41562,                0.51224,                0.41747,                0.24018,                 1.4985,                  2.475,                 2.2022,               0.001436,               0.001436,               0.001436
                      9,                 1.6682,                 1.7668,                 2.1977,                0.49182,                0.57614,                0.50258,                0.30313,                 1.4517,                 1.6489,                 2.0699,              0.0014029,              0.0014029,              0.0014029
                     10,                 1.5945,                 1.6469,                 2.1189,                0.58818,                0.57852,                0.55986,                0.34109,                 1.4374,                 1.6419,                 2.0823,              0.0013699,              0.0013699,              0.0013699
                     11,                 1.5629,                 1.5647,                 2.0758,                0.57294,                0.53156,                 0.5287,                 0.3251,                 1.4785,                 1.7552,                 2.1348,              0.0013369,              0.0013369,              0.0013369
                     12,                  1.494,                 1.4829,                 2.0218,                0.53355,                0.60459,                0.55551,                0.35514,                  1.338,                  1.548,                 1.9825,              0.0013039,              0.0013039,              0.0013039
                     13,                 1.4674,                 1.4229,                  1.979,                0.65183,                0.60615,                0.64056,                0.40871,                 1.3585,                 1.3578,                 1.9665,              0.0012709,              0.0012709,              0.0012709
                     14,                 1.4598,                 1.4135,                 1.9513,                0.55484,                0.64864,                0.58935,                0.38941,                 1.2991,                 1.4265,                  1.893,              0.0012379,              0.0012379,              0.0012379
                     15,                 1.4076,                 1.3354,                 1.9052,                0.60251,                0.63672,                0.63943,                0.42181,                 1.2981,                 1.3147,                  1.901,              0.0012049,              0.0012049,              0.0012049
                     16,                 1.4036,                  1.352,                 1.8918,                0.66888,                0.60649,                0.66325,                0.42743,                 1.3476,                 1.2778,                  1.922,              0.0011719,              0.0011719,              0.0011719
                     17,                 1.3927,                 1.3373,                 1.8836,                0.60992,                0.64364,                0.64401,                0.40786,                 1.3305,                 1.4226,                 1.9494,              0.0011389,              0.0011389,              0.0011389
                     18,                 1.3953,                 1.2865,                 1.8659,                0.61445,                0.68991,                0.69012,                0.45569,                 1.2885,                 1.2334,                 1.8651,              0.0011059,              0.0011059,              0.0011059
                     19,                 1.3407,                 1.2659,                 1.8491,                0.59198,                0.71359,                0.68154,                0.45218,                 1.2638,                  1.229,                 1.8514,              0.0010729,              0.0010729,              0.0010729
                     20,                 1.3563,                 1.2794,                 1.8458,                0.59286,                0.66295,                0.66408,                0.42031,                 1.3049,                 1.2873,                 1.8603,              0.0010399,              0.0010399,              0.0010399
                     21,                 1.3285,                 1.1939,                 1.8113,                0.69729,                0.65176,                0.69478,                0.47105,                  1.231,                 1.2585,                 1.8153,              0.0010069,              0.0010069,              0.0010069
                     22,                 1.3119,                 1.1719,                 1.8101,                0.56148,                0.62878,                0.61022,                0.40358,                 1.2605,                 1.3678,                 1.8287,             0.00097386,             0.00097386,             0.00097386
                     23,                 1.3104,                 1.1485,                 1.7828,                0.63696,                0.69051,                0.70978,                0.47751,                 1.2616,                 1.1602,                 1.8218,             0.00094085,             0.00094085,             0.00094085
                     24,                 1.3038,                 1.1535,                 1.7668,                 0.6622,                0.66582,                0.71774,                0.46961,                 1.2677,                   1.18,                 1.8719,             0.00090785,             0.00090785,             0.00090785
                     25,                  1.289,                 1.1674,                 1.8107,                0.70751,                0.68117,                0.74342,                0.50277,                 1.2202,                 1.1007,                 1.7963,             0.00087484,             0.00087484,             0.00087484
                     26,                 1.2671,                 1.0756,                 1.7697,                0.70159,                0.67131,                0.73527,                0.50105,                 1.2261,                 1.1118,                 1.8005,             0.00084184,             0.00084184,             0.00084184
                     27,                 1.2751,                 1.0852,                 1.7635,                0.68793,                0.67844,                0.72432,                 0.4799,                 1.2407,                 1.0888,                 1.8012,             0.00080883,             0.00080883,             0.00080883
                     28,                  1.262,                 1.0673,                 1.7683,                 0.6862,                0.68527,                0.74428,                0.49222,                 1.2344,                 1.0606,                 1.8268,             0.00077582,             0.00077582,             0.00077582
                     29,                 1.2521,                 1.0785,                 1.7468,                0.69789,                0.73629,                0.76398,                0.51914,                 1.1852,                 1.0551,                 1.7597,             0.00074282,             0.00074282,             0.00074282
                     30,                 1.2368,                 1.0111,                 1.7369,                0.65909,                0.67302,                0.71409,                0.48127,                 1.2307,                 1.0828,                 1.7855,             0.00070981,             0.00070981,             0.00070981
                     31,                 1.2027,                 1.0062,                 1.7012,                 0.6821,                0.68359,                0.72143,                 0.4971,                 1.1918,                 1.0989,                  1.769,              0.0006768,              0.0006768,              0.0006768
                     32,                 1.2246,                 1.0379,                 1.7278,                0.71142,                0.70542,                0.74423,                0.49678,                 1.2257,                 1.0497,                 1.8082,              0.0006438,              0.0006438,              0.0006438
                     33,                 1.1943,                0.97605,                 1.7042,                0.65224,                0.72737,                0.74851,                0.50208,                 1.2335,                 1.0689,                 1.8072,             0.00061079,             0.00061079,             0.00061079
                     34,                 1.1697,                0.97564,                 1.6728,                0.66351,                0.72488,                 0.7387,                0.49698,                 1.2128,                 1.0424,                 1.7728,             0.00057778,             0.00057778,             0.00057778
                     35,                 1.1862,                0.96666,                 1.6943,                0.70421,                0.72911,                0.75611,                0.52274,                 1.1902,                0.99236,                 1.7683,             0.00054478,             0.00054478,             0.00054478
                     36,                 1.1708,                0.96477,                 1.6906,                0.70088,                0.71407,                 0.7504,                0.52164,                 1.1743,                 1.0111,                 1.7335,             0.00051177,             0.00051177,             0.00051177
                     37,                 1.1735,                0.95303,                 1.6639,                0.73395,                0.68891,                0.76308,                0.50826,                 1.2429,                 1.0182,                 1.7976,             0.00047876,             0.00047876,             0.00047876
                     38,                 1.1707,                0.95053,                   1.67,                0.67759,                0.70793,                0.74885,                0.51081,                 1.2003,                 1.0197,                  1.776,             0.00044576,             0.00044576,             0.00044576
                     39,                  1.128,                0.92478,                 1.6384,                0.67575,                0.71429,                0.75316,                0.51046,                 1.1929,                 1.0359,                 1.7811,             0.00041275,             0.00041275,             0.00041275
                     40,                 1.1274,                 0.9245,                 1.6516,                0.72935,                0.70343,                0.76984,                0.53293,                 1.1695,                0.95343,                 1.7506,             0.00037974,             0.00037974,             0.00037974
                     41,                 1.1041,                0.91969,                 1.6357,                 0.7302,                0.72101,                0.77534,                 0.5332,                 1.1667,                0.97032,                 1.7529,             0.00034674,             0.00034674,             0.00034674
                     42,                 1.0681,                0.82619,                 1.6042,                0.70678,                0.71021,                0.76161,                0.53037,                 1.1727,                0.98238,                 1.7626,             0.00031373,             0.00031373,             0.00031373
                     43,                 1.0638,                0.80416,                 1.6189,                0.71919,                0.70603,                0.75944,                0.52585,                 1.1636,                0.98687,                 1.7443,             0.00028072,             0.00028072,             0.00028072
                     44,                 1.0665,                0.80748,                 1.6136,                0.69847,                0.74614,                 0.7619,                  0.528,                 1.1553,                0.98751,                 1.7219,             0.00024772,             0.00024772,             0.00024772
                     45,                 1.0456,                0.78195,                    1.6,                0.72275,                0.70326,                 0.7602,                0.52003,                 1.2147,                0.97579,                 1.7803,             0.00021471,             0.00021471,             0.00021471
                     46,                 1.0403,                0.77507,                  1.573,                0.78484,                0.70715,                0.80104,                0.55537,                 1.1587,                0.90098,                 1.7342,              0.0001817,              0.0001817,              0.0001817
                     47,                 1.0233,                0.75117,                 1.5559,                0.72818,                0.69224,                0.76115,                0.53235,                 1.1548,                0.95782,                 1.7357,              0.0001487,              0.0001487,              0.0001487
                     48,                 1.0219,                0.74383,                 1.5723,                 0.7453,                0.71792,                0.78512,                0.55523,                 1.1506,                0.90591,                 1.7206,             0.00011569,             0.00011569,             0.00011569
                     49,                 1.0229,                0.73833,                 1.5451,                0.77515,                0.70767,                0.79608,                0.55987,                 1.1513,                 0.9027,                 1.7221,             8.2683e-05,             8.2683e-05,             8.2683e-05
                     50,                 1.0026,                0.71532,                 1.5387,                0.76273,                0.72527,                0.80161,                0.55908,                   1.15,                0.89101,                 1.7177,             4.9677e-05,             4.9677e-05,             4.9677e-05
